epochs,acc,loss,val_acc,val_loss,train_data,features_nb,loss_fct,optimizer,activation_fct,layer_nb,unit_nb,batch_size,dropout,cell_type,encoder
0,0.4688350298428283,0.08447698129314919,0.7434470818405052,0.047121428711884183,484021,7,mse,rmsprop,sigmoid,2,64,1024,0.5,LSTM,labelencoder
1,0.767799331004999,0.04508463918130428,0.8362612365701763,0.042431095893263354,484021,7,mse,rmsprop,sigmoid,2,64,1024,0.5,LSTM,labelencoder
2,0.884662029094941,0.026011462866549463,0.9446718220957823,0.011305708373614793,484021,7,mse,rmsprop,sigmoid,2,64,1024,0.5,LSTM,labelencoder
