epochs,acc,loss,val_acc,val_loss,train_data,features_nb,loss_fct,optimizer,activation_fct,layer_nb,unit_nb,batch_size,dropout,cell_type,encoder
0,0.79093125,0.04346911974549293,0.97216875,0.012145606404542923,160000,7,mse,nadam,sigmoid,1,128,1024,0.2,RNN,labelencoder
1,0.97176875,0.009796216063201427,0.98294375,0.004677523653209209,160000,7,mse,nadam,sigmoid,1,128,1024,0.2,RNN,labelencoder
2,0.986775,0.004032562638446689,0.987925,0.0029973233103752135,160000,7,mse,nadam,sigmoid,1,128,1024,0.2,RNN,labelencoder
0,0.87174375,0.026985069681704044,0.98105,0.00424016315639019,160000,7,mse,nadam,sigmoid,2,128,1024,0.2,RNN,labelencoder
1,0.98695625,0.003296636854112148,0.987925,0.0024033969573676586,160000,7,mse,nadam,sigmoid,2,128,1024,0.2,RNN,labelencoder
2,0.951375,0.009385087219625712,0.9902875,0.0020663050178438423,160000,7,mse,nadam,sigmoid,2,128,1024,0.2,RNN,labelencoder
0,0.8833125,0.02321722406744957,0.98626875,0.003196025962382555,160000,7,mse,nadam,sigmoid,3,128,1024,0.2,RNN,labelencoder
1,0.937725,0.012784160918928682,0.987925,0.002627909626066685,160000,7,mse,nadam,sigmoid,3,128,1024,0.2,RNN,labelencoder
2,0.99014375,0.0026033756151795386,0.991925,0.0018871108043938874,160000,7,mse,nadam,sigmoid,3,128,1024,0.2,RNN,labelencoder
